<?xml version="1.0" encoding="UTF-8"?>
<users>
  <user>
    <id>000001</id>
    <name>User 01</name>
    <screen_name>User 01</screen_name>
    <location>Cupertino, CA</location>
    <description>Generic User 000001</description>
    <profile_image_url>./Images/user_01.png</profile_image_url>
    <url>http://www.apple.com</url>
    <protected>false</protected>
    <status>
      <created_at>Wed May 16 12:00:00 +0000 2007</created_at>
      <id>00000001</id>
      <text>Actively being user 000001</text>
    </status>
  </user>
  <user>
    <id>000002</id>
    <name>User 02</name>
    <screen_name>User 02</screen_name>
    <location>Cupertino, CA</location>
    <description>Generic User 000002</description>
    <profile_image_url>./Images/user_02.png</profile_image_url>
    <url>http://www.apple.com</url>
    <protected>false</protected>
    <status>
      <created_at>Wed May 16 12:00:00 +0000 2007</created_at>
      <id>00000002</id>
      <text>Actively being user 000002</text>
    </status>
  </user>
  <user>
    <id>000003</id>
    <name>User 03</name>
    <screen_name>User 03</screen_name>
    <location>Cupertino, CA</location>
    <description>Generic User 000003</description>
    <profile_image_url>./Images/user_03.png</profile_image_url>
    <url>http://www.apple.com</url>
    <protected>false</protected>
    <status>
      <created_at>Wed May 16 12:00:00 +0000 2007</created_at>
      <id>00000003</id>
      <text>Actively being user 000003</text>
    </status>
  </user>
</user>
<user>
  <id>000004</id>
  <name>User 04</name>
  <screen_name>User 04</screen_name>
  <location>Cupertino, CA</location>
  <description>Generic User 000004</description>
  <profile_image_url>./Images/user_04.png</profile_image_url>
  <url>http://www.apple.com</url>
  <protected>false</protected>
  <status>
    <created_at>Wed May 16 12:00:00 +0000 2007</created_at>
    <id>00000004</id>
    <text>Actively being user 000004</text>
  </status>
</user>
</user>
<user>
  <id>000005</id>
  <name>User 05</name>
  <screen_name>User 05</screen_name>
  <location>Cupertino, CA</location>
  <description>Generic User 000005</description>
  <profile_image_url>./Images/user_05.png</profile_image_url>
  <url>http://www.apple.com</url>
  <protected>false</protected>
  <status>
    <created_at>Wed May 16 12:00:00 +0000 2007</created_at>
    <id>00000005</id>
    <text>Actively being user 000005</text>
  </status>
</user>
</user>
<user>
  <id>000006</id>
  <name>User 06</name>
  <screen_name>User 06</screen_name>
  <location>Cupertino, CA</location>
  <description>Generic User 000006</description>
  <profile_image_url>./Images/user_06.png</profile_image_url>
  <url>http://www.apple.com</url>
  <protected>false</protected>
  <status>
    <created_at>Wed May 16 12:00:00 +0000 2007</created_at>
    <id>00000006</id>
    <text>Actively being user 000006</text>
  </status>
</user>
</user>
<user>
  <id>000007</id>
  <name>User 07</name>
  <screen_name>User 07</screen_name>
  <location>Cupertino, CA</location>
  <description>Generic User 000007</description>
  <profile_image_url>./Images/user_07.png</profile_image_url>
  <url>http://www.apple.com</url>
  <protected>false</protected>
  <status>
    <created_at>Wed May 16 12:00:00 +0000 2007</created_at>
    <id>00000007</id>
    <text>Actively being user 000007</text>
  </status>
</user>
</user>
<user>
  <id>000008</id>
  <name>User 08</name>
  <screen_name>User 08</screen_name>
  <location>Cupertino, CA</location>
  <description>Generic User 000008</description>
  <profile_image_url>./Images/user_08.png</profile_image_url>
  <url>http://www.apple.com</url>
  <protected>false</protected>
  <status>
    <created_at>Wed May 16 12:00:00 +0000 2007</created_at>
    <id>00000008</id>
    <text>Actively being user 000008</text>
  </status>
</user>
</user>
<user>
  <id>000009</id>
  <name>User 09</name>
  <screen_name>User 09</screen_name>
  <location>Cupertino, CA</location>
  <description>Generic User 000009</description>
  <profile_image_url>./Images/user_09.png</profile_image_url>
  <url>http://www.apple.com</url>
  <protected>false</protected>
  <status>
    <created_at>Wed May 16 12:00:00 +0000 2007</created_at>
    <id>00000009</id>
    <text>Actively being user 000009</text>
  </status>
</user>
<user>
  <id>000010</id>
  <name>User 10</name>
  <screen_name>User 10</screen_name>
  <location>Cupertino, CA</location>
  <description>Generic User 000010</description>
  <profile_image_url>./Images/user_10.png</profile_image_url>
  <url>http://www.apple.com</url>
  <protected>false</protected>
  <status>
    <created_at>Wed May 16 12:00:00 +0000 2007</created_at>
    <id>00000010</id>
    <text>Actively being user 000010</text>
  </status>
</user>
<user>
  <id>000011</id>
  <name>User 11</name>
  <screen_name>User 11</screen_name>
  <location>Cupertino, CA</location>
  <description>Generic User 000011</description>
  <profile_image_url>./Images/user_11.png</profile_image_url>
  <url>http://www.apple.com</url>
  <protected>false</protected>
  <status>
    <created_at>Wed May 16 12:00:00 +0000 2007</created_at>
    <id>00000011</id>
    <text>Actively being user 000011</text>
  </status>
</user>
<user>
  <id>000012</id>
  <name>User 12</name>
  <screen_name>User 12</screen_name>
  <location>Cupertino, CA</location>
  <description>Generic User 000012</description>
  <profile_image_url>./Images/user_12.png</profile_image_url>
  <url>http://www.apple.com</url>
  <protected>false</protected>
  <status>
    <created_at>Wed May 16 12:00:00 +0000 2007</created_at>
    <id>00000012</id>
    <text>Actively being user 000012</text>
  </status>
</user>
<user>
  <id>000013</id>
  <name>User 13</name>
  <screen_name>User 13</screen_name>
  <location>Cupertino, CA</location>
  <description>Generic User 000013</description>
  <profile_image_url>./Images/user_13.png</profile_image_url>
  <url>http://www.apple.com</url>
  <protected>false</protected>
  <status>
    <created_at>Wed May 16 12:00:00 +0000 2007</created_at>
    <id>00000013</id>
    <text>Actively being user 000013</text>
  </status>
</user>
<user>
  <id>000014</id>
  <name>User 14</name>
  <screen_name>User 14</screen_name>
  <location>Cupertino, CA</location>
  <description>Generic User 000014</description>
  <profile_image_url>./Images/user_14.png</profile_image_url>
  <url>http://www.apple.com</url>
  <protected>false</protected>
  <status>
    <created_at>Wed May 16 12:00:00 +0000 2007</created_at>
    <id>00000014</id>
    <text>Actively being user 000014</text>
  </status>
</user>
<user>
  <id>000015</id>
  <name>User 15</name>
  <screen_name>User 15</screen_name>
  <location>Cupertino, CA</location>
  <description>Generic User 000015</description>
  <profile_image_url>./Images/user_15.png</profile_image_url>
  <url>http://www.apple.com</url>
  <protected>false</protected>
  <status>
    <created_at>Wed May 16 12:00:00 +0000 2007</created_at>
    <id>00000015</id>
    <text>Actively being user 000015</text>
  </status>
</user>
<user>
  <id>000016</id>
  <name>User 16</name>
  <screen_name>User 16</screen_name>
  <location>Cupertino, CA</location>
  <description>Generic User 000016</description>
  <profile_image_url>./Images/user_16.png</profile_image_url>
  <url>http://www.apple.com</url>
  <protected>false</protected>
  <status>
    <created_at>Wed May 16 12:00:00 +0000 2007</created_at>
    <id>00000016</id>
    <text>Actively being user 000016</text>
  </status>
</user>
</users>
