<?xml version="1.0" encoding="UTF-8"?>
<!DOCTYPE plist PUBLIC "-//Apple Computer//DTD PLIST 1.0//EN" "http://www.apple.com/DTDs/PropertyList-1.0.dtd">
<plist version="1.0">
<dict>
	<key>nodeAttributes</key>
	<dict>
		<key>category</key>
		<string>Kineme Art-Net</string>
		<key>categories</key>
		<array>
			<string>Kineme Art-Net</string>
		</array>
		<key>copyright</key>
		<string>Copyright 2008 Kosada Incorporated. All rights reserved.</string>
		<key>description</key>
		<string>This patch receives broadcast DMX values from the specified Sub-Net and Universe.

In order to receive ArtDmx packets, one of your computer's network interfaces must be set to a valid Art-Net IP Subnet. These are as follows:

    * 2.0.0.0/8 (network 2.0.0.0, netmask 255.0.0.0, broadcast 2.255.255.255)
    * 10.0.0.0/8 (network 10.0.0.0, netmask 255.0.0.0, broadcast 10.255.255.255)

If none of your computer's network interfaces are set accordingly, Art-Net packets will not be received.

http://kineme.net/</string>
		<key>name</key>
		<string>ArtDmx Receiver</string>
	</dict>
	<key>inputAttributes</key>
	<dict>
		<key>inputSubNet</key>
		<dict>
			<key>description</key>
			<string>Sub-Net</string>
			<key>name</key>
			<string>Sub-Net</string>
		</dict>
		<key>inputUniverse</key>
		<dict>
			<key>description</key>
			<string>Universe</string>
			<key>name</key>
			<string>Universe</string>
		</dict>
		<key>inputNormalizedValues</key>
		<dict>
			<key>description</key>
			<string>When enabled, the Channel Structure values will be provided
as floating-point values ranging from 0 to 1.

When disabled, the Channel Structure values will be provided
as integer values ranging from 0 to 255.</string>
			<key>name</key>
			<string>Normalized Values</string>
		</dict>
	</dict>
	<key>outputAttributes</key>
	<dict>
		<key>outputChannelStructure</key>
		<dict>
			<key>description</key>
			<string>A keyed structure — the structure's key represents the output ArtDmx channel (1 to 512),
and the structure's value represents the value to send to that channel (0 to 255, or 0 to 1 if Normalized).</string>
			<key>name</key>
			<string>Channel Structure</string>
		</dict>
	</dict>
</dict>
</plist>
